@T, Parameter,,,,,,,,,,,,
desc,routing.csv,,,,,,,,,,,,
,,,,,,,,,,,,,
@H, from, to, weight,,,,,,,,,,
,1,4,1,,,,,,,,,,
,2,17,0.09589,7,0.90411,,,,,,,,
,3,11,1,,,,,,,,,,
,4,28,1,,,,,,,,,,
,5,20,0.41962,24,0.58038,,,,,,,,
,6,2,1,,,,,,,,,,
,7,1,0.36842,17,0.63158,,,,,,,,
,8,18,1,,,,,,,,,,
,9,12,1,,,,,,,,,,
,10,18,1,,,,,,,,,,
,11,18,0.1982,8,0.8018,,,,,,,,
,12,19,1,,,,,,,,,,
,13,5,1,,,,,,,,,,
,14,24,1,,,,,,,,,,
,15,4,1,,,,,,,,,,
,16,5,1,,,,,,,,,,
,17,4,1,,,,,,,,,,
,18,36,1,,,,,,,,,,
,19,23,1,,,,,,,,,,
,20,24,1,,,,,,,,,,
,21,23,0.93182,33,0.06818,,,,,,,,
,22,10,1,,,,,,,,,,
,23,32,1,,,,,,,,,,
,24,77,1,,,,,,,,,,
,25,29,1,,,,,,,,,,
,26,28,1,,,,,,,,,,
,27,29,1,,,,,,,,,,
,28,-3,1,,,,,,,,,,
,29,26,1,,,,,,,,,,
,30,18,1,,,,,,,,,,
,31,5,0.85,13,0.15,,,,,,,,
,32,33,1,,,,,,,,,,
,33,40,1,,,,,,,,,,
,34,35,1,,,,,,,,,,
,35,32,1,,,,,,,,,,
,36,27,1,,,,,,,,,,
,37,36,1,,,,,,,,,,
,38,50,1,,,,,,,,,,
,39,49,1,,,,,,,,,,
,40,55,0.00866,38,0.99134,,,,,,,,
,41,36,1,,,,,,,,,,
,42,65,1,,,,,,,,,,
,43,24,1,,,,,,,,,,
,44,28,1,,,,,,,,,,
,45,59,1,,,,,,,,,,
,46,45,1,,,,,,,,,,
,47,41,1,,,,,,,,,,
,48,47,1,,,,,,,,,,
,49,53,0.59016,35,0.40984,,,,,,,,
,50,55,1,,,,,,,,,,
,51,50,1,,,,,,,,,,
,52,49,1,,,,,,,,,,
,53,55,1,,,,,,,,,,
,54,47,1,,,,,,,,,,
,55,-1,0.99977,-8,0.00023,,,,,,,,
,56,61,0.52941,60,0.47059,,,,,,,,
,57,58,1,,,,,,,,,,
,58,113,0.32653,59,0.67347,,,,,,,,
,59,113,1,,,,,,,,,,
,60,84,1,,,,,,,,,,
,61,71,1,,,,,,,,,,
,62,76,1,,,,,,,,,,
,63,50,1,,,,,,,,,,
,64,63,1,,,,,,,,,,
,65,64,1,,,,,,,,,,
,66,83,1,,,,,,,,,,
,67,59,1,,,,,,,,,,
,68,78,1,,,,,,,,,,
,69,79,1,,,,,,,,,,
,70,60,1,,,,,,,,,,
,71,77,0.71429,24,0.28571,,,,,,,,
,72,54,1,,,,,,,,,,
,73,65,1,,,,,,,,,,
,74,134,1,,,,,,,,,,
,75,101,1,,,,,,,,,,
,76,55,1,,,,,,,,,,
,77,84,1,,,,,,,,,,
,78,104,1,,,,,,,,,,
,79,94,1,,,,,,,,,,
,80,28,1,,,,,,,,,,
,81,94,1,,,,,,,,,,
,82,105,1,,,,,,,,,,
,83,95,0.08209,93,0.68284,116,0.23507,,,,,,
,84,99,0.00756,95,0.99244,,,,,,,,
,85,78,0.72222,110,0.05556,68,0.22222,,,,,,
,86,142,1,,,,,,,,,,
,87,24,1,,,,,,,,,,
,88,58,1,,,,,,,,,,
,89,98,1,,,,,,,,,,
,90,91,1,,,,,,,,,,
,91,143,1,,,,,,,,,,
,92,115,1,,,,,,,,,,
,93,144,0.00227,116,0.99773,,,,,,,,
,94,83,1,,,,,,,,,,
,95,-2,1,,,,,,,,,,
,96,86,1,,,,,,,,,,
,97,99,1,,,,,,,,,,
,98,110,1,,,,,,,,,,
,99,119,0.3557,130,0.6443,,,,,,,,
,100,97,0.51852,117,0.48148,,,,,,,,
,101,102,1,,,,,,,,,,
,102,147,1,,,,,,,,,,
,103,28,1,,,,,,,,,,
,104,109,1,,,,,,,,,,
,105,55,1,,,,,,,,,,
,106,55,1,,,,,,,,,,
,107,108,1,,,,,,,,,,
,108,4,1,,,,,,,,,,
,109,185,1,,,,,,,,,,
,110,104,0.03211,109,0.96789,,,,,,,,
,111,-7,0.00051,-9,0.99949,,,,,,,,
,112,108,1,,,,,,,,,,
,113,137,1,,,,,,,,,,
,114,86,1,,,,,,,,,,
,115,93,1,,,,,,,,,,
,116,95,1,,,,,,,,,,
,117,130,1,,,,,,,,,,
,118,130,1,,,,,,,,,,
,119,133,0.10526,95,0.89474,,,,,,,,
,120,107,1,,,,,,,,,,
,121,112,1,,,,,,,,,,
,122,124,1,,,,,,,,,,
,123,112,1,,,,,,,,,,
,124,59,1,,,,,,,,,,
,125,128,1,,,,,,,,,,
,126,142,0.11111,86,0.88889,,,,,,,,
,127,134,1,,,,,,,,,,
,128,171,1,,,,,,,,,,
,129,55,1,,,,,,,,,,
,130,133,1,,,,,,,,,,
,131,137,0.08696,113,0.91304,,,,,,,,
,132,143,1,,,,,,,,,,
,133,146,1,,,,,,,,,,
,134,149,1,,,,,,,,,,
,135,103,1,,,,,,,,,,
,136,28,0.9878,-3,0.0122,,,,,,,,
,137,128,1,,,,,,,,,,
,138,212,1,,,,,,,,,,
,139,129,0.69863,55,0.30137,,,,,,,,
,140,146,1,,,,,,,,,,
,141,128,1,,,,,,,,,,
,142,55,0.08787,154,0.91213,,,,,,,,
,143,163,1,,,,,,,,,,
,144,95,0.04494,169,0.30712,160,0.57678,116,0.07116,,,,
,145,158,1,,,,,,,,,,
,146,95,1,,,,,,,,,,
,147,-4,0.99969,-14,0.00031,,,,,,,,
,148,28,1,,,,,,,,,,
,149,147,1,,,,,,,,,,
,150,155,1,,,,,,,,,,
,151,28,0.41667,136,0.58333,,,,,,,,
,152,161,1,,,,,,,,,,
,153,145,1,,,,,,,,,,
,154,55,1,,,,,,,,,,
,155,183,1,,,,,,,,,,
,156,167,1,,,,,,,,,,
,157,109,1,,,,,,,,,,
,158,55,0.69806,-1,0.30194,,,,,,,,
,159,55,1,,,,,,,,,,
,160,169,1,,,,,,,,,,
,161,171,1,,,,,,,,,,
,162,173,0.03704,192,0.96296,,,,,,,,
,163,55,1,,,,,,,,,,
,164,55,1,,,,,,,,,,
,165,180,1,,,,,,,,,,
,166,155,1,,,,,,,,,,
,167,170,1,,,,,,,,,,
,168,160,1,,,,,,,,,,
,169,95,0.01013,146,0.02432,-2,0.96454,-7,0.00101,,,,
,170,165,1,,,,,,,,,,
,171,198,1,,,,,,,,,,
,172,323,1,,,,,,,,,,
,173,192,1,,,,,,,,,,
,174,155,0.84848,176,0.15152,,,,,,,,
,175,179,1,,,,,,,,,,
,176,155,1,,,,,,,,,,
,177,181,1,,,,,,,,,,
,178,175,1,,,,,,,,,,
,179,222,1,,,,,,,,,,
,180,200,1,,,,,,,,,,
,181,198,1,,,,,,,,,,
,182,321,1,,,,,,,,,,
,183,209,1,,,,,,,,,,
,184,-3,1,,,,,,,,,,
,185,138,1,,,,,,,,,,
,186,206,1,,,,,,,,,,
,187,220,1,,,,,,,,,,
,188,208,1,,,,,,,,,,
,189,183,1,,,,,,,,,,
,190,183,1,,,,,,,,,,
,191,209,1,,,,,,,,,,
,192,230,1,,,,,,,,,,
,193,213,1,,,,,,,,,,
,194,219,1,,,,,,,,,,
,195,199,1,,,,,,,,,,
,196,207,1,,,,,,,,,,
,197,196,1,,,,,,,,,,
,198,211,1,,,,,,,,,,
,199,188,1,,,,,,,,,,
,200,210,1,,,,,,,,,,
,201,200,0.66667,202,0.33333,,,,,,,,
,202,210,1,,,,,,,,,,
,203,204,1,,,,,,,,,,
,204,229,0.99213,252,0.00787,,,,,,,,
,205,224,1,,,,,,,,,,
,206,226,1,,,,,,,,,,
,207,535,0.01151,-23,0.98849,,,,,,,,
,208,205,1,,,,,,,,,,
,209,242,1,,,,,,,,,,
,210,225,1,,,,,,,,,,
,211,184,0.9459,-3,0.0541,,,,,,,,
,212,-26,0.00019,-6,0.99981,,,,,,,,
,213,169,0.96354,-2,0.03646,,,,,,,,
,214,197,1,,,,,,,,,,
,215,232,1,,,,,,,,,,
,216,223,0.6,217,0.4,,,,,,,,
,217,223,1,,,,,,,,,,
,218,270,1,,,,,,,,,,
,219,175,1,,,,,,,,,,
,220,335,0.02588,-12,0.97412,,,,,,,,
,221,228,0.03125,237,0.96875,,,,,,,,
,222,232,1,,,,,,,,,,
,223,250,1,,,,,,,,,,
,224,183,1,,,,,,,,,,
,225,-6,0.00019,-5,0.99981,,,,,,,,
,226,229,0.78465,244,0.21535,,,,,,,,
,227,321,1,,,,,,,,,,
,228,241,1,,,,,,,,,,
,229,258,1,,,,,,,,,,
,230,226,1,,,,,,,,,,
,231,158,1,,,,,,,,,,
,232,334,1,,,,,,,,,,
,233,239,1,,,,,,,,,,
,234,227,1,,,,,,,,,,
,235,246,1,,,,,,,,,,
,236,256,1,,,,,,,,,,
,237,247,1,,,,,,,,,,
,238,222,0.24538,232,0.75462,,,,,,,,
,239,253,1,,,,,,,,,,
,240,241,1,,,,,,,,,,
,241,225,1,,,,,,,,,,
,242,225,1,,,,,,,,,,
,243,249,1,,,,,,,,,,
,244,258,1,,,,,,,,,,
,245,213,1,,,,,,,,,,
,246,268,0.99245,182,0.00755,,,,,,,,
,247,341,0.01414,275,0.98586,,,,,,,,
,248,274,1,,,,,,,,,,
,249,251,1,,,,,,,,,,
,250,283,0.03297,247,0.96703,,,,,,,,
,251,212,1,,,,,,,,,,
,252,257,1,,,,,,,,,,
,253,254,1,,,,,,,,,,
,254,273,1,,,,,,,,,,
,255,265,1,,,,,,,,,,
,256,261,1,,,,,,,,,,
,257,212,0.05882,258,0.94118,,,,,,,,
,258,212,1,,,,,,,,,,
,259,220,1,,,,,,,,,,
,260,278,1,,,,,,,,,,
,261,248,1,,,,,,,,,,
,262,316,0.60274,263,0.39726,,,,,,,,
,263,316,1,,,,,,,,,,
,264,212,1,,,,,,,,,,
,265,298,0.12195,286,0.87805,,,,,,,,
,266,286,1,,,,,,,,,,
,267,289,0.70833,326,0.29167,,,,,,,,
,268,321,1,,,,,,,,,,
,269,316,0.07547,263,0.39623,340,0.50943,328,0.01887,,,,
,270,238,1,,,,,,,,,,
,271,225,0.79032,304,0.19355,-5,0.01613,,,,,,
,272,278,1,,,,,,,,,,
,273,285,1,,,,,,,,,,
,274,246,1,,,,,,,,,,
,275,302,1,,,,,,,,,,
,276,-6,0.16667,-3,0.83333,,,,,,,,
,277,258,1,,,,,,,,,,
,278,319,1,,,,,,,,,,
,279,335,0.13529,306,0.4,338,0.46471,,,,,,
,280,306,0.18705,259,0.25899,335,0.39568,220,0.04317,279,0.10072,-12,0.01439
,281,259,1,,,,,,,,,,
,282,273,0.34884,285,0.65116,,,,,,,,
,283,247,1,,,,,,,,,,
,284,278,1,,,,,,,,,,
,285,359,1,,,,,,,,,,
,286,288,1,,,,,,,,,,
,287,293,1,,,,,,,,,,
,288,298,1,,,,,,,,,,
,289,300,1,,,,,,,,,,
,290,318,1,,,,,,,,,,
,291,310,1,,,,,,,,,,
,292,307,1,,,,,,,,,,
,293,298,1,,,,,,,,,,
,294,-8,0.99918,-20,0.00082,,,,,,,,
,295,296,1,,,,,,,,,,
,296,334,0.96,232,0.04,,,,,,,,
,297,414,1,,,,,,,,,,
,298,359,1,,,,,,,,,,
,299,321,1,,,,,,,,,,
,300,301,0.93711,321,0.06289,,,,,,,,
,301,-10,0.9992,-22,0.0008,,,,,,,,
,302,225,1,,,,,,,,,,
,303,225,1,,,,,,,,,,
,304,225,1,,,,,,,,,,
,305,334,1,,,,,,,,,,
,306,335,1,,,,,,,,,,
,307,325,1,,,,,,,,,,
,308,285,1,,,,,,,,,,
,309,298,1,,,,,,,,,,
,310,412,1,,,,,,,,,,
,311,312,1,,,,,,,,,,
,312,196,1,,,,,,,,,,
,313,355,1,,,,,,,,,,
,314,297,1,,,,,,,,,,
,315,297,1,,,,,,,,,,
,316,384,1,,,,,,,,,,
,317,225,1,,,,,,,,,,
,318,310,1,,,,,,,,,,
,319,310,1,,,,,,,,,,
,320,309,1,,,,,,,,,,
,321,301,0.26427,-10,0.73573,,,,,,,,
,322,310,1,,,,,,,,,,
,323,382,0.00737,305,0.99263,,,,,,,,
,324,232,1,,,,,,,,,,
,325,308,1,,,,,,,,,,
,326,301,1,,,,,,,,,,
,327,321,1,,,,,,,,,,
,328,316,1,,,,,,,,,,
,329,330,1,,,,,,,,,,
,330,302,1,,,,,,,,,,
,331,317,0.95671,330,0.04329,,,,,,,,
,332,303,1,,,,,,,,,,
,333,311,1,,,,,,,,,,
,334,-11,0.99978,-17,0.00022,,,,,,,,
,335,-12,0.99951,-13,0.00049,,,,,,,,
,336,299,1,,,,,,,,,,
,337,212,1,,,,,,,,,,
,338,335,1,,,,,,,,,,
,339,297,1,,,,,,,,,,
,340,328,1,,,,,,,,,,
,341,367,0.65455,330,0.34545,,,,,,,,
,342,348,1,,,,,,,,,,
,343,356,1,,,,,,,,,,
,344,298,1,,,,,,,,,,
,345,450,1,,,,,,,,,,
,346,331,1,,,,,,,,,,
,347,380,1,,,,,,,,,,
,348,232,1,,,,,,,,,,
,349,358,1,,,,,,,,,,
,350,364,1,,,,,,,,,,
,351,359,1,,,,,,,,,,
,352,346,1,,,,,,,,,,
,353,-7,0.99666,-8,0.00334,,,,,,,,
,354,378,1,,,,,,,,,,
,355,360,1,,,,,,,,,,
,356,357,1,,,,,,,,,,
,357,-13,1,,,,,,,,,,
,358,297,1,,,,,,,,,,
,359,472,0.00143,423,0.99857,,,,,,,,
,360,334,0.99567,-11,0.00433,,,,,,,,
,361,395,1,,,,,,,,,,
,362,426,1,,,,,,,,,,
,363,396,1,,,,,,,,,,
,364,428,1,,,,,,,,,,
,365,411,1,,,,,,,,,,
,366,485,1,,,,,,,,,,
,367,330,1,,,,,,,,,,
,368,331,0.2449,346,0.7551,,,,,,,,
,369,332,1,,,,,,,,,,
,370,399,1,,,,,,,,,,
,371,391,0.1496,-14,0.8499,-20,0.0005,,,,,,
,372,394,1,,,,,,,,,,
,373,419,0.04651,407,0.95349,,,,,,,,
,374,414,1,,,,,,,,,,
,375,427,0.44565,388,0.55435,,,,,,,,
,376,325,1,,,,,,,,,,
,377,399,1,,,,,,,,,,
,378,-14,0.00033,-15,0.99967,,,,,,,,
,379,381,1,,,,,,,,,,
,380,379,0.75,381,0.25,,,,,,,,
,381,431,0.23344,442,0.76656,,,,,,,,
,382,360,1,,,,,,,,,,
,383,364,1,,,,,,,,,,
,384,397,1,,,,,,,,,,
,385,369,1,,,,,,,,,,
,386,310,1,,,,,,,,,,
,387,432,1,,,,,,,,,,
,388,389,1,,,,,,,,,,
,389,546,1,,,,,,,,,,
,390,321,1,,,,,,,,,,
,391,-14,1,,,,,,,,,,
,392,342,1,,,,,,,,,,
,393,401,1,,,,,,,,,,
,394,460,1,,,,,,,,,,
,395,372,1,,,,,,,,,,
,396,438,1,,,,,,,,,,
,397,367,1,,,,,,,,,,
,398,330,1,,,,,,,,,,
,399,492,1,,,,,,,,,,
,400,404,0.83784,439,0.16216,,,,,,,,
,401,334,1,,,,,,,,,,
,402,389,1,,,,,,,,,,
,403,417,1,,,,,,,,,,
,404,212,1,,,,,,,,,,
,405,212,1,,,,,,,,,,
,406,474,1,,,,,,,,,,
,407,419,1,,,,,,,,,,
,408,297,1,,,,,,,,,,
,409,297,1,,,,,,,,,,
,410,358,1,,,,,,,,,,
,411,364,1,,,,,,,,,,
,412,440,1,,,,,,,,,,
,413,379,1,,,,,,,,,,
,414,357,1,,,,,,,,,,
,415,428,1,,,,,,,,,,
,416,359,1,,,,,,,,,,
,417,366,1,,,,,,,,,,
,418,440,0.67299,310,0.23697,480,0.06635,500,0.0237,,,,
,419,338,1,,,,,,,,,,
,420,414,1,,,,,,,,,,
,421,406,1,,,,,,,,,,
,422,576,0.2424,-17,0.7576,,,,,,,,
,423,489,1,,,,,,,,,,
,424,321,1,,,,,,,,,,
,425,-16,0.99969,-13,0.00031,,,,,,,,
,426,-13,1,,,,,,,,,,
,427,389,1,,,,,,,,,,
,428,489,1,,,,,,,,,,
,429,433,0.25,398,0.75,,,,,,,,
,430,441,0.88571,406,0.11429,,,,,,,,
,431,442,1,,,,,,,,,,
,432,419,1,,,,,,,,,,
,433,330,1,,,,,,,,,,
,434,352,1,,,,,,,,,,
,435,422,1,,,,,,,,,,
,436,454,1,,,,,,,,,,
,437,419,0.23567,432,0.01274,338,0.75159,,,,,,
,438,357,0.1982,-13,0.8018,,,,,,,,
,439,212,1,,,,,,,,,,
,440,452,1,,,,,,,,,,
,441,516,1,,,,,,,,,,
,442,511,1,,,,,,,,,,
,443,468,1,,,,,,,,,,
,444,454,0.00176,602,0.11444,560,0.02553,520,0.85827,,,,
,445,444,1,,,,,,,,,,
,446,410,1,,,,,,,,,,
,447,433,1,,,,,,,,,,
,448,462,1,,,,,,,,,,
,449,464,0.23529,484,0.76471,,,,,,,,
,450,-22,0.00047,-19,0.99953,,,,,,,,
,451,369,1,,,,,,,,,,
,452,500,1,,,,,,,,,,
,453,600,0.00493,539,0.99507,,,,,,,,
,454,-18,0.99948,-17,0.00052,,,,,,,,
,455,426,0.9881,438,0.0119,,,,,,,,
,456,357,1,,,,,,,,,,
,457,357,1,,,,,,,,,,
,458,399,1,,,,,,,,,,
,459,379,0.95918,442,0.04082,,,,,,,,
,460,444,0.83162,506,0.02259,436,0.14579,,,,,,
,461,432,1,,,,,,,,,,
,462,-13,1,,,,,,,,,,
,463,410,1,,,,,,,,,,
,464,-22,0.99846,-29,0.00154,,,,,,,,
,465,447,1,,,,,,,,,,
,466,447,1,,,,,,,,,,
,467,599,0.0224,-20,0.9776,,,,,,,,
,468,460,1,,,,,,,,,,
,469,457,1,,,,,,,,,,
,470,448,1,,,,,,,,,,
,471,389,1,,,,,,,,,,
,472,428,0.58511,489,0.34043,423,0.07447,,,,,,
,473,494,0.47619,500,0.42857,212,0.09524,,,,,,
,474,441,1,,,,,,,,,,
,475,474,1,,,,,,,,,,
,476,629,1,,,,,,,,,,
,477,586,0.06667,537,0.9193,553,0.00702,-13,0.00702,,,,
,478,446,1,,,,,,,,,,
,479,399,0.90476,492,0.09524,,,,,,,,
,480,452,1,,,,,,,,,,
,481,378,1,,,,,,,,,,
,482,455,1,,,,,,,,,,
,483,402,1,,,,,,,,,,
,484,464,1,,,,,,,,,,
,485,486,1,,,,,,,,,,
,486,464,0.1463,-22,0.8537,,,,,,,,
,487,481,0.8125,542,0.1875,,,,,,,,
,488,537,0.28,553,0.3,462,0.38,-13,0.04,,,,
,489,-21,0.99962,-25,0.00038,,,,,,,,
,490,706,0.95182,836,0.04818,,,,,,,,
,491,547,0.99461,568,0.00539,,,,,,,,
,492,493,1,,,,,,,,,,
,493,439,1,,,,,,,,,,
,494,212,1,,,,,,,,,,
,495,475,0.05747,421,0.71264,441,0.22989,,,,,,
,496,442,1,,,,,,,,,,
,497,521,0.3,425,0.7,,,,,,,,
,498,464,0.62637,485,0.02198,486,0.26374,484,0.05495,-22,0.03297,,
,499,345,1,,,,,,,,,,
,500,494,1,,,,,,,,,,
,501,530,1,,,,,,,,,,
,502,606,0.59786,550,0.39502,-20,0.00712,,,,,,
,503,511,1,,,,,,,,,,
,504,207,1,,,,,,,,,,
,505,514,1,,,,,,,,,,
,506,520,0.38095,444,0.61905,,,,,,,,
,507,389,1,,,,,,,,,,
,508,441,1,,,,,,,,,,
,509,518,1,,,,,,,,,,
,510,379,1,,,,,,,,,,
,511,618,0.93285,-31,0.06715,,,,,,,,
,512,570,1,,,,,,,,,,
,513,338,1,,,,,,,,,,
,514,553,1,,,,,,,,,,
,515,493,1,,,,,,,,,,
,516,531,1,,,,,,,,,,
,517,378,1,,,,,,,,,,
,518,517,1,,,,,,,,,,
,519,511,1,,,,,,,,,,
,520,436,0.00991,454,0.99009,,,,,,,,
,521,425,1,,,,,,,,,,
,522,521,1,,,,,,,,,,
,523,-25,0.9983,-29,0.0017,,,,,,,,
,524,492,1,,,,,,,,,,
,525,551,1,,,,,,,,,,
,526,565,1,,,,,,,,,,
,527,526,1,,,,,,,,,,
,528,544,1,,,,,,,,,,
,529,538,1,,,,,,,,,,
,530,556,1,,,,,,,,,,
,531,557,1,,,,,,,,,,
,532,517,0.42017,481,0.57983,,,,,,,,
,533,442,1,,,,,,,,,,
,534,533,0.01923,476,0.98077,,,,,,,,
,535,-30,0.00602,-23,0.99398,,,,,,,,
,536,-32,1,,,,,,,,,,
,537,553,0.00604,462,0.06042,-13,0.93353,,,,,,
,538,505,1,,,,,,,,,,
,539,590,1,,,,,,,,,,
,540,-25,0.00408,-24,0.99592,,,,,,,,
,541,531,1,,,,,,,,,,
,542,481,1,,,,,,,,,,
,543,511,1,,,,,,,,,,
,544,512,1,,,,,,,,,,
,545,477,1,,,,,,,,,,
,546,554,0.99108,573,0.00892,,,,,,,,
,547,588,1,,,,,,,,,,
,548,575,1,,,,,,,,,,
,549,-26,0.99912,-39,0.00088,,,,,,,,
,550,606,0.22739,607,0.00913,-20,0.76349,,,,,,
,551,467,1,,,,,,,,,,
,552,536,0.48864,631,0.36932,780,0.07955,-32,0.0625,,,,
,553,-13,1,,,,,,,,,,
,554,593,1,,,,,,,,,,
,555,569,0.85106,589,0.14894,,,,,,,,
,556,502,1,,,,,,,,,,
,557,550,1,,,,,,,,,,
,558,559,1,,,,,,,,,,
,559,517,1,,,,,,,,,,
,560,454,1,,,,,,,,,,
,561,522,0.85714,578,0.14286,,,,,,,,
,562,642,1,,,,,,,,,,
,563,558,0.41379,559,0.58621,,,,,,,,
,564,595,1,,,,,,,,,,
,565,570,1,,,,,,,,,,
,566,580,1,,,,,,,,,,
,567,546,1,,,,,,,,,,
,568,547,0.91304,588,0.08696,,,,,,,,
,569,542,1,,,,,,,,,,
,570,536,1,,,,,,,,,,
,571,425,1,,,,,,,,,,
,572,587,1,,,,,,,,,,
,573,554,1,,,,,,,,,,
,574,594,1,,,,,,,,,,
,575,-33,0.99961,-39,0.00039,,,,,,,,
,576,-17,0.99778,-30,0.00222,,,,,,,,
,577,861,0.03203,-44,0.0002,-30,0.96777,,,,,,
,578,521,1,,,,,,,,,,
,579,545,1,,,,,,,,,,
,580,624,1,,,,,,,,,,
,581,345,0.34266,450,0.65734,,,,,,,,
,582,599,1,,,,,,,,,,
,583,589,1,,,,,,,,,,
,584,442,1,,,,,,,,,,
,585,521,0.22549,571,0.77451,,,,,,,,
,586,553,0.03676,-13,0.96324,,,,,,,,
,587,610,1,,,,,,,,,,
,588,594,1,,,,,,,,,,
,589,569,1,,,,,,,,,,
,590,630,1,,,,,,,,,,
,591,580,1,,,,,,,,,,
,592,554,1,,,,,,,,,,
,593,-24,0.00056,-27,0.99944,,,,,,,,
,594,575,1,,,,,,,,,,
,595,511,1,,,,,,,,,,
,596,635,1,,,,,,,,,,
,597,536,0.93939,570,0.06061,,,,,,,,
,598,-20,0.97826,-26,0.02174,,,,,,,,
,599,550,0.02745,-20,0.97255,,,,,,,,
,600,577,1,,,,,,,,,,
,601,577,1,,,,,,,,,,
,602,454,1,,,,,,,,,,
,603,570,1,,,,,,,,,,
,604,571,0.01149,425,0.72414,638,0.12644,585,0.13793,,,,
,605,653,1,,,,,,,,,,
,606,-20,1,,,,,,,,,,
,607,-20,1,,,,,,,,,,
,608,618,0.91304,511,0.08696,,,,,,,,
,609,521,1,,,,,,,,,,
,610,657,0.42929,553,0.42424,-13,0.14646,,,,,,
,611,626,1,,,,,,,,,,
,612,635,0.70588,608,0.29412,,,,,,,,
,613,544,1,,,,,,,,,,
,614,580,1,,,,,,,,,,
,615,581,1,,,,,,,,,,
,616,550,0.03175,606,0.96825,,,,,,,,
,617,481,1,,,,,,,,,,
,618,-31,1,,,,,,,,,,
,619,603,1,,,,,,,,,,
,620,599,1,,,,,,,,,,
,621,620,1,,,,,,,,,,
,622,779,1,,,,,,,,,,
,623,637,1,,,,,,,,,,
,624,586,1,,,,,,,,,,
,625,658,0.77041,-24,0.0051,-28,0.22449,,,,,,
,626,632,1,,,,,,,,,,
,627,698,0.0452,699,0.9548,,,,,,,,
,628,511,1,,,,,,,,,,
,629,618,0.00366,708,0.16117,-31,0.83516,,,,,,
,630,600,1,,,,,,,,,,
,631,780,1,,,,,,,,,,
,632,549,1,,,,,,,,,,
,633,634,1,,,,,,,,,,
,634,511,0.01,628,0.99,,,,,,,,
,635,636,1,,,,,,,,,,
,636,629,1,,,,,,,,,,
,637,577,0.70857,601,0.29143,,,,,,,,
,638,585,0.40329,521,0.59671,,,,,,,,
,639,614,1,,,,,,,,,,
,640,657,1,,,,,,,,,,
,641,554,0.60317,593,0.33333,-27,0.06349,,,,,,
,642,605,1,,,,,,,,,,
,643,481,1,,,,,,,,,,
,644,649,1,,,,,,,,,,
,645,536,1,,,,,,,,,,
,646,425,1,,,,,,,,,,
,647,624,1,,,,,,,,,,
,648,663,1,,,,,,,,,,
,649,-29,1,,,,,,,,,,
,650,667,1,,,,,,,,,,
,651,721,1,,,,,,,,,,
,652,653,0.34177,682,0.65823,,,,,,,,
,653,721,1,,,,,,,,,,
,654,490,1,,,,,,,,,,
,655,637,1,,,,,,,,,,
,656,676,1,,,,,,,,,,
,657,-13,1,,,,,,,,,,
,658,-28,1,,,,,,,,,,
,659,891,1,,,,,,,,,,
,660,631,1,,,,,,,,,,
,661,521,1,,,,,,,,,,
,662,671,1,,,,,,,,,,
,663,657,0.0789,-28,0.00161,-13,0.91948,,,,,,
,664,625,0.00543,658,0.99457,,,,,,,,
,665,717,0.11009,722,0.01835,705,0.63303,745,0.23853,,,,
,666,791,1,,,,,,,,,,
,667,666,1,,,,,,,,,,
,668,697,1,,,,,,,,,,
,669,651,1,,,,,,,,,,
,670,617,1,,,,,,,,,,
,671,677,1,,,,,,,,,,
,672,695,1,,,,,,,,,,
,673,711,1,,,,,,,,,,
,674,622,1,,,,,,,,,,
,675,618,0.42384,708,0.49007,629,0.03311,-31,0.05298,,,,
,676,687,0.96203,645,0.03797,,,,,,,,
,677,695,1,,,,,,,,,,
,678,549,1,,,,,,,,,,
,679,617,1,,,,,,,,,,
,680,670,1,,,,,,,,,,
,681,727,1,,,,,,,,,,
,682,721,1,,,,,,,,,,
,683,909,0.78261,934,0.21739,,,,,,,,
,684,714,1,,,,,,,,,,
,685,714,1,,,,,,,,,,
,686,577,1,,,,,,,,,,
,687,645,0.1374,751,0.8626,,,,,,,,
,688,638,1,,,,,,,,,,
,689,666,1,,,,,,,,,,
,690,703,1,,,,,,,,,,
,691,759,0.29825,653,0.70175,,,,,,,,
,692,550,1,,,,,,,,,,
,693,680,1,,,,,,,,,,
,694,646,0.21583,425,0.78417,,,,,,,,
,695,731,1,,,,,,,,,,
,696,523,1,,,,,,,,,,
,697,651,1,,,,,,,,,,
,698,699,1,,,,,,,,,,
,699,761,1,,,,,,,,,,
,700,536,1,,,,,,,,,,
,701,694,1,,,,,,,,,,
,702,701,1,,,,,,,,,,
,703,810,1,,,,,,,,,,
,704,716,1,,,,,,,,,,
,705,745,1,,,,,,,,,,
,706,805,1,,,,,,,,,,
,707,789,1,,,,,,,,,,
,708,830,0.08472,-31,0.91528,,,,,,,,
,709,695,0.57143,731,0.42857,,,,,,,,
,710,658,0.88889,625,0.10494,-28,0.00617,,,,,,
,711,760,1,,,,,,,,,,
,712,747,1,,,,,,,,,,
,713,897,1,,,,,,,,,,
,714,951,1,,,,,,,,,,
,715,675,1,,,,,,,,,,
,716,703,1,,,,,,,,,,
,717,764,1,,,,,,,,,,
,718,942,1,,,,,,,,,,
,719,740,1,,,,,,,,,,
,720,742,1,,,,,,,,,,
,721,759,1,,,,,,,,,,
,722,717,1,,,,,,,,,,
,723,707,1,,,,,,,,,,
,724,622,1,,,,,,,,,,
,725,738,1,,,,,,,,,,
,726,681,1,,,,,,,,,,
,727,782,1,,,,,,,,,,
,728,740,1,,,,,,,,,,
,729,743,1,,,,,,,,,,
,730,692,1,,,,,,,,,,
,731,775,1,,,,,,,,,,
,732,802,1,,,,,,,,,,
,733,649,1,,,,,,,,,,
,734,742,1,,,,,,,,,,
,735,811,0.53061,721,0.46939,,,,,,,,
,736,685,1,,,,,,,,,,
,737,715,0.34615,762,0.65385,,,,,,,,
,738,660,1,,,,,,,,,,
,739,774,1,,,,,,,,,,
,740,752,1,,,,,,,,,,
,741,734,1,,,,,,,,,,
,742,-29,0.99679,-40,0.00321,,,,,,,,
,743,666,1,,,,,,,,,,
,744,716,0.35238,798,0.48571,735,0.1619,,,,,,
,745,771,1,,,,,,,,,,
,746,764,1,,,,,,,,,,
,747,765,1,,,,,,,,,,
,748,707,1,,,,,,,,,,
,749,536,1,,,,,,,,,,
,750,749,1,,,,,,,,,,
,751,780,0.96905,536,0.02619,-32,0.00476,,,,,,
,752,783,1,,,,,,,,,,
,753,766,1,,,,,,,,,,
,754,707,0.83908,723,0.16092,,,,,,,,
,755,754,1,,,,,,,,,,
,756,708,1,,,,,,,,,,
,757,822,1,,,,,,,,,,
,758,776,1,,,,,,,,,,
,759,811,1,,,,,,,,,,
,760,764,1,,,,,,,,,,
,761,-41,0.00019,-38,0.99981,,,,,,,,
,762,675,0.07895,756,0.92105,,,,,,,,
,763,732,1,,,,,,,,,,
,764,818,1,,,,,,,,,,
,765,805,1,,,,,,,,,,
,766,575,1,,,,,,,,,,
,767,849,0.98333,-39,0.01667,,,,,,,,
,768,622,1,,,,,,,,,,
,769,631,1,,,,,,,,,,
,770,781,1,,,,,,,,,,
,771,833,1,,,,,,,,,,
,772,699,1,,,,,,,,,,
,773,714,1,,,,,,,,,,
,774,752,0.92857,808,0.05556,740,0.01587,,,,,,
,775,809,1,,,,,,,,,,
,776,791,1,,,,,,,,,,
,777,849,1,,,,,,,,,,
,778,812,1,,,,,,,,,,
,779,974,1,,,,,,,,,,
,780,-42,0.00046,-32,0.99954,,,,,,,,
,781,881,1,,,,,,,,,,
,782,843,0.00594,774,0.10401,808,0.89004,,,,,,
,783,809,1,,,,,,,,,,
,784,802,0.90621,-34,0.09379,,,,,,,,
,785,827,1,,,,,,,,,,
,786,880,0.77778,772,0.22222,,,,,,,,
,787,804,1,,,,,,,,,,
,788,792,1,,,,,,,,,,
,789,889,1,,,,,,,,,,
,790,552,1,,,,,,,,,,
,791,967,1,,,,,,,,,,
,792,913,1,,,,,,,,,,
,793,805,0.84615,765,0.15385,,,,,,,,
,794,935,1,,,,,,,,,,
,795,775,1,,,,,,,,,,
,796,844,1,,,,,,,,,,
,797,791,0.61538,825,0.26923,776,0.11538,,,,,,
,798,703,1,,,,,,,,,,
,799,835,1,,,,,,,,,,
,800,815,1,,,,,,,,,,
,801,928,1,,,,,,,,,,
,802,-28,0.00111,-34,0.99889,,,,,,,,
,803,658,0.93617,-28,0.06383,,,,,,,,
,804,824,1,,,,,,,,,,
,805,-36,1,,,,,,,,,,
,806,837,1,,,,,,,,,,
,807,815,1,,,,,,,,,,
,808,832,1,,,,,,,,,,
,809,784,0.46672,832,0.52986,-34,0.00341,,,,,,
,810,826,1,,,,,,,,,,
,811,792,1,,,,,,,,,,
,812,887,1,,,,,,,,,,
,813,814,1,,,,,,,,,,
,814,866,1,,,,,,,,,,
,815,951,0.91667,974,0.08333,,,,,,,,
,816,876,1,,,,,,,,,,
,817,848,1,,,,,,,,,,
,818,833,1,,,,,,,,,,
,819,833,0.69697,764,0.30303,,,,,,,,
,820,897,0.19048,713,0.80952,,,,,,,,
,821,860,1,,,,,,,,,,
,822,823,0.67456,863,0.32544,,,,,,,,
,823,804,0.97122,882,0.02878,,,,,,,,
,824,-35,0.99799,-40,0.00201,,,,,,,,
,825,791,1,,,,,,,,,,
,826,959,1,,,,,,,,,,
,827,810,1,,,,,,,,,,
,828,792,1,,,,,,,,,,
,829,812,0.57407,887,0.42593,,,,,,,,
,830,910,0.28364,-31,0.71636,,,,,,,,
,831,782,1,,,,,,,,,,
,832,784,0.00223,-34,0.99777,,,,,,,,
,833,925,1,,,,,,,,,,
,834,835,0.64286,925,0.35714,,,,,,,,
,835,925,1,,,,,,,,,,
,836,805,0.1125,940,0.6875,706,0.1275,908,0.0625,-36,0.01,,
,837,849,1,,,,,,,,,,
,838,812,1,,,,,,,,,,
,839,699,1,,,,,,,,,,
,840,773,1,,,,,,,,,,
,841,794,1,,,,,,,,,,
,842,-37,1,,,,,,,,,,
,843,808,0.34483,862,0.65517,,,,,,,,
,844,-40,1,,,,,,,,,,
,845,995,0.12366,844,0.34409,967,0.16667,791,0.08065,1006,0.2043,-40,0.08065
,846,967,0.44271,826,0.55729,,,,,,,,
,847,913,0.30556,792,0.69444,,,,,,,,
,848,856,1,,,,,,,,,,
,849,-39,0.99928,-41,0.00072,,,,,,,,
,850,707,1,,,,,,,,,,
,851,842,1,,,,,,,,,,
,852,842,0.92135,851,0.07865,,,,,,,,
,853,718,1,,,,,,,,,,
,854,658,0.03463,-28,0.96537,,,,,,,,
,855,958,0.73504,822,0.26496,,,,,,,,
,856,925,0.52105,833,0.47895,,,,,,,,
,857,714,0.51852,840,0.48148,,,,,,,,
,858,891,1,,,,,,,,,,
,859,708,1,,,,,,,,,,
,860,874,1,,,,,,,,,,
,861,-30,1,,,,,,,,,,
,862,832,1,,,,,,,,,,
,863,824,0.08235,958,0.02353,923,0.87059,-35,0.02353,,,,
,864,699,1,,,,,,,,,,
,865,761,1,,,,,,,,,,
,866,945,1,,,,,,,,,,
,867,904,1,,,,,,,,,,
,868,779,0.6383,952,0.3617,,,,,,,,
,869,-37,0.99699,-42,0.00301,,,,,,,,
,870,658,0.96717,854,0.0101,-28,0.02273,,,,,,
,871,792,0.94118,903,0.05882,,,,,,,,
,872,786,1,,,,,,,,,,
,873,904,1,,,,,,,,,,
,874,577,1,,,,,,,,,,
,875,842,1,,,,,,,,,,
,876,718,1,,,,,,,,,,
,877,931,0.43137,903,0.09804,792,0.01961,884,0.15686,871,0.09804,810,0.19608
,878,766,1,,,,,,,,,,
,879,849,0.99472,-39,0.00528,,,,,,,,
,880,865,0.09202,761,0.90798,,,,,,,,
,881,978,1,,,,,,,,,,
,882,863,1,,,,,,,,,,
,883,824,1,,,,,,,,,,
,884,846,1,,,,,,,,,,
,885,908,1,,,,,,,,,,
,886,879,1,,,,,,,,,,
,887,849,1,,,,,,,,,,
,888,829,0.75,887,0.25,,,,,,,,
,889,896,1,,,,,,,,,,
,890,761,1,,,,,,,,,,
,891,-49,0.00047,-43,0.99953,,,,,,,,
,892,987,1,,,,,,,,,,
,893,830,1,,,,,,,,,,
,894,801,1,,,,,,,,,,
,895,879,1,,,,,,,,,,
,896,909,1,,,,,,,,,,
,897,941,1,,,,,,,,,,
,898,869,1,,,,,,,,,,
,899,718,0.02041,942,0.97959,,,,,,,,
,900,928,1,,,,,,,,,,
,901,906,1,,,,,,,,,,
,902,948,1,,,,,,,,,,
,903,913,1,,,,,,,,,,
,904,974,1,,,,,,,,,,
,905,-42,1,,,,,,,,,,
,906,902,1,,,,,,,,,,
,907,925,1,,,,,,,,,,
,908,805,0.06763,-36,0.93237,,,,,,,,
,909,761,0.99886,934,0.00114,,,,,,,,
,910,-31,0.99605,-44,0.00395,,,,,,,,
,911,870,1,,,,,,,,,,
,912,913,1,,,,,,,,,,
,913,990,1,,,,,,,,,,
,914,943,1,,,,,,,,,,
,915,761,1,,,,,,,,,,
,916,905,0.66667,-42,0.33333,,,,,,,,
,917,922,1,,,,,,,,,,
,918,866,1,,,,,,,,,,
,919,830,1,,,,,,,,,,
,920,978,1,,,,,,,,,,
,921,854,1,,,,,,,,,,
,922,949,1,,,,,,,,,,
,923,-35,1,,,,,,,,,,
,924,824,0.9375,-35,0.0625,,,,,,,,
,925,1081,0.01038,1039,0.573,-40,0.41662,,,,,,
,926,991,1,,,,,,,,,,
,927,945,1,,,,,,,,,,
,928,1044,1,,,,,,,,,,
,929,965,1,,,,,,,,,,
,930,911,1,,,,,,,,,,
,931,846,1,,,,,,,,,,
,932,944,1,,,,,,,,,,
,933,879,1,,,,,,,,,,
,934,761,0.9726,-38,0.0274,,,,,,,,
,935,1070,1,,,,,,,,,,
,936,869,0.48936,842,0.35372,-37,0.15691,,,,,,
,937,936,0.80952,947,0.04167,869,0.14881,,,,,,
,938,1005,1,,,,,,,,,,
,939,883,1,,,,,,,,,,
,940,1067,0.7492,908,0.01326,-36,0.23754,,,,,,
,941,761,1,,,,,,,,,,
,942,905,0.04249,1024,0.01983,-42,0.93768,,,,,,
,943,1017,1,,,,,,,,,,
,944,895,1,,,,,,,,,,
,945,985,1,,,,,,,,,,
,946,714,0.96552,973,0.03448,,,,,,,,
,947,842,0.42246,936,0.56684,-37,0.0107,,,,,,
,948,862,1,,,,,,,,,,
,949,989,0.91667,923,0.08333,,,,,,,,
,950,945,1,,,,,,,,,,
,951,953,1,,,,,,,,,,
,952,974,1,,,,,,,,,,
,953,-56,0.00021,-46,0.99979,,,,,,,,
,954,963,0.97771,842,0.02229,,,,,,,,
,955,1077,0.0165,1161,0.00162,-42,0.98188,,,,,,
,956,854,1,,,,,,,,,,
,957,980,1,,,,,,,,,,
,958,923,0.77041,982,0.22959,,,,,,,,
,959,967,1,,,,,,,,,,
,960,999,1,,,,,,,,,,
,961,842,1,,,,,,,,,,
,962,1001,0.95192,954,0.04808,,,,,,,,
,963,842,1,,,,,,,,,,
,964,963,0.96154,1034,0.03846,,,,,,,,
,965,955,0.99357,-42,0.00643,,,,,,,,
,966,996,0.5,1031,0.5,,,,,,,,
,967,1007,0.07468,-40,0.92532,,,,,,,,
,968,990,0.68966,925,0.31034,,,,,,,,
,969,991,1,,,,,,,,,,
,970,944,1,,,,,,,,,,
,971,1091,0.05,-41,0.95,,,,,,,,
,972,761,1,,,,,,,,,,
,973,951,1,,,,,,,,,,
,974,951,0.10341,953,0.89659,,,,,,,,
,975,842,1,,,,,,,,,,
,976,916,1,,,,,,,,,,
,977,978,1,,,,,,,,,,
,978,1004,1,,,,,,,,,,
,979,928,1,,,,,,,,,,
,980,1077,0.11932,-42,0.88068,,,,,,,,
,981,1057,1,,,,,,,,,,
,982,923,0.98649,-35,0.01351,,,,,,,,
,983,971,0.99363,-41,0.00637,,,,,,,,
,984,941,1,,,,,,,,,,
,985,984,1,,,,,,,,,,
,986,935,1,,,,,,,,,,
,987,-49,0.00068,-44,0.99932,,,,,,,,
,988,978,0.21739,928,0.02174,1025,0.76087,,,,,,
,989,923,1,,,,,,,,,,
,990,1016,1,,,,,,,,,,
,991,836,1,,,,,,,,,,
,992,851,0.27604,842,0.72396,,,,,,,,
,993,928,1,,,,,,,,,,
,994,923,1,,,,,,,,,,
,995,967,0.69611,-40,0.30389,,,,,,,,
,996,980,1,,,,,,,,,,
,997,995,0.92958,-40,0.07042,,,,,,,,
,998,972,0.04,1013,0.96,,,,,,,,
,999,953,0.99747,-46,0.00253,,,,,,,,
,1000,851,1,,,,,,,,,,
,1001,954,1,,,,,,,,,,
,1002,905,1,,,,,,,,,,
,1003,942,1,,,,,,,,,,
,1004,1061,0.92857,1024,0.02159,1084,0.00831,-42,0.04153,,,,
,1005,956,1,,,,,,,,,,
,1006,844,0.47287,995,0.07752,-40,0.44961,,,,,,
,1007,-40,1,,,,,,,,,,
,1008,761,0.36842,1095,0.26316,998,0.36842,,,,,,
,1009,999,1,,,,,,,,,,
,1010,955,1,,,,,,,,,,
,1011,967,1,,,,,,,,,,
,1012,1122,1,,,,,,,,,,
,1013,972,0.97333,1052,0.02667,,,,,,,,
,1014,985,1,,,,,,,,,,
,1015,955,1,,,,,,,,,,
,1016,1011,0.0257,1046,0.9743,,,,,,,,
,1017,925,0.98519,1039,0.01481,,,,,,,,
,1018,1012,1,,,,,,,,,,
,1019,1032,1,,,,,,,,,,
,1020,761,1,,,,,,,,,,
,1021,1071,1,,,,,,,,,,
,1022,577,1,,,,,,,,,,
,1023,947,1,,,,,,,,,,
,1024,-42,1,,,,,,,,,,
,1025,1075,0.04938,1063,0.95062,,,,,,,,
,1026,928,1,,,,,,,,,,
,1027,1064,1,,,,,,,,,,
,1028,935,1,,,,,,,,,,
,1029,1001,1,,,,,,,,,,
,1030,955,0.12903,1010,0.87097,,,,,,,,
,1031,980,0.02985,-42,0.96517,-35,0.00498,,,,,,
,1032,971,0.77901,1091,0.20442,-41,0.01657,,,,,,
,1033,1123,1,,,,,,,,,,
,1034,963,1,,,,,,,,,,
,1035,1098,1,,,,,,,,,,
,1036,1024,1,,,,,,,,,,
,1037,1026,1,,,,,,,,,,
,1038,980,0.6715,1077,0.19807,955,0.10628,-42,0.02415,,,,
,1039,1081,0.20367,-40,0.79589,-50,0.00044,,,,,,
,1040,1141,1,,,,,,,,,,
,1041,1019,1,,,,,,,,,,
,1042,-48,0.9995,-47,0.0005,,,,,,,,
,1043,953,0.98864,-46,0.01136,,,,,,,,
,1044,1075,1,,,,,,,,,,
,1045,997,1,,,,,,,,,,
,1046,925,0.99923,-40,0.00077,,,,,,,,
,1047,998,0.55556,1069,0.44444,,,,,,,,
,1048,1049,1,,,,,,,,,,
,1049,1060,1,,,,,,,,,,
,1050,1072,1,,,,,,,,,,
,1051,995,1,,,,,,,,,,
,1052,761,1,,,,,,,,,,
,1053,1117,1,,,,,,,,,,
,1054,962,1,,,,,,,,,,
,1055,1076,1,,,,,,,,,,
,1056,1031,1,,,,,,,,,,
,1057,-35,1,,,,,,,,,,
,1058,1006,1,,,,,,,,,,
,1059,967,1,,,,,,,,,,
,1060,953,0.09859,1097,0.90141,,,,,,,,
,1061,1084,0.43755,-42,0.56245,,,,,,,,
,1062,1063,0.75177,-42,0.24823,,,,,,,,
,1063,-42,1,,,,,,,,,,
,1064,923,1,,,,,,,,,,
,1065,844,1,,,,,,,,,,
,1066,1059,1,,,,,,,,,,
,1067,-36,1,,,,,,,,,,
,1068,971,0.54651,1091,0.23837,983,0.21512,,,,,,
,1069,1052,0.21818,761,0.23636,998,0.54545,,,,,,
,1070,953,0.99869,-46,0.00131,,,,,,,,
,1071,1070,1,,,,,,,,,,
,1072,1083,0.39326,1120,0.60674,,,,,,,,
,1073,1051,1,,,,,,,,,,
,1074,1071,1,,,,,,,,,,
,1075,1063,1,,,,,,,,,,
,1076,1108,0.86667,1075,0.13333,,,,,,,,
,1077,-42,1,,,,,,,,,,
,1078,980,0.77165,1077,0.22835,,,,,,,,
,1079,1073,1,,,,,,,,,,
,1080,1066,1,,,,,,,,,,
,1081,-40,1,,,,,,,,,,
,1082,1152,1,,,,,,,,,,
,1083,1061,0.04403,1124,0.95597,,,,,,,,
,1084,-42,1,,,,,,,,,,
,1085,1065,1,,,,,,,,,,
,1086,1175,1,,,,,,,,,,
,1087,940,1,,,,,,,,,,
,1088,991,1,,,,,,,,,,
,1089,1133,1,,,,,,,,,,
,1090,1040,0.0303,1116,0.9697,,,,,,,,
,1091,-41,0.99615,-47,0.00385,,,,,,,,
,1092,965,1,,,,,,,,,,
,1093,1081,1,,,,,,,,,,
,1094,1069,1,,,,,,,,,,
,1095,761,1,,,,,,,,,,
,1096,1043,0.98889,1136,0.01111,,,,,,,,
,1097,953,1,,,,,,,,,,
,1098,1083,1,,,,,,,,,,
,1099,1066,1,,,,,,,,,,
,1100,1132,1,,,,,,,,,,
,1101,1100,1,,,,,,,,,,
,1102,955,0.27419,1075,0.72581,,,,,,,,
,1103,1080,1,,,,,,,,,,
,1104,1042,1,,,,,,,,,,
,1105,1080,1,,,,,,,,,,
,1106,1039,1,,,,,,,,,,
,1107,1227,1,,,,,,,,,,
,1108,1075,1,,,,,,,,,,
,1109,1189,0.2027,1128,0.7973,,,,,,,,
,1110,1065,1,,,,,,,,,,
,1111,1127,1,,,,,,,,,,
,1112,1154,0.63366,1148,0.36634,,,,,,,,
,1113,1110,1,,,,,,,,,,
,1114,1093,1,,,,,,,,,,
,1115,1093,1,,,,,,,,,,
,1116,1145,1,,,,,,,,,,
,1117,-56,0.00049,-49,0.99951,,,,,,,,
,1118,1022,1,,,,,,,,,,
,1119,955,1,,,,,,,,,,
,1120,1083,1,,,,,,,,,,
,1121,1106,1,,,,,,,,,,
,1122,1132,1,,,,,,,,,,
,1123,1168,1,,,,,,,,,,
,1124,1061,1,,,,,,,,,,
,1125,1124,1,,,,,,,,,,
,1126,1062,1,,,,,,,,,,
,1127,1112,1,,,,,,,,,,
,1128,-35,0.00059,-45,0.99941,,,,,,,,
,1129,1130,1,,,,,,,,,,
,1130,-53,0.99942,-52,0.00058,,,,,,,,
,1131,1093,0.09375,1115,0.90625,,,,,,,,
,1132,1140,1,,,,,,,,,,
,1133,1012,1,,,,,,,,,,
,1134,1152,0.14286,1160,0.85714,,,,,,,,
,1135,1178,1,,,,,,,,,,
,1136,1181,1,,,,,,,,,,
,1137,955,1,,,,,,,,,,
,1138,1154,1,,,,,,,,,,
,1139,844,1,,,,,,,,,,
,1140,940,1,,,,,,,,,,
,1141,1133,1,,,,,,,,,,
,1142,1124,1,,,,,,,,,,
,1143,1081,0.98214,-40,0.01786,,,,,,,,
,1144,1067,0.6383,1175,0.3617,,,,,,,,
,1145,1141,1,,,,,,,,,,
,1146,1118,1,,,,,,,,,,
,1147,1206,0.04498,1187,0.00105,-51,0.95345,-45,0.00052,,,,
,1148,1128,0.86606,1182,0.10807,1217,0.01065,-45,0.01522,,,,
,1149,1129,1,,,,,,,,,,
,1150,1067,1,,,,,,,,,,
,1151,1140,0.5689,1150,0.4311,,,,,,,,
,1152,1353,0.19223,-47,0.80777,,,,,,,,
,1153,955,1,,,,,,,,,,
,1154,1148,1,,,,,,,,,,
,1155,1158,1,,,,,,,,,,
,1156,1141,0.1236,1145,0.8764,,,,,,,,
,1157,1145,1,,,,,,,,,,
,1158,1115,1,,,,,,,,,,
,1159,1151,1,,,,,,,,,,
,1160,1152,1,,,,,,,,,,
,1161,-42,1,,,,,,,,,,
,1162,1148,1,,,,,,,,,,
,1163,1169,1,,,,,,,,,,
,1164,1143,0.30769,1173,0.69231,,,,,,,,
,1165,1141,1,,,,,,,,,,
,1166,1156,1,,,,,,,,,,
,1167,955,0.21374,1161,0.54962,1137,0.22137,-42,0.01527,,,,
,1168,-59,0.9994,-60,0.0006,,,,,,,,
,1169,1208,1,,,,,,,,,,
,1170,1165,1,,,,,,,,,,
,1171,1166,1,,,,,,,,,,
,1172,1211,1,,,,,,,,,,
,1173,1174,1,,,,,,,,,,
,1174,1039,1,,,,,,,,,,
,1175,1067,0.30049,-36,0.69458,-50,0.00493,,,,,,
,1176,1151,0.75591,1150,0.14173,1144,0.10236,,,,,,
,1177,1176,1,,,,,,,,,,
,1178,1152,1,,,,,,,,,,
,1179,1211,0.9375,1172,0.0625,,,,,,,,
,1180,1348,0.00198,1341,0.02133,1335,0.81895,1382,0.15774,,,,
,1181,953,0.98256,-46,0.01744,,,,,,,,
,1182,1128,0.00303,-45,0.99697,,,,,,,,
,1183,1203,1,,,,,,,,,,
,1184,1147,1,,,,,,,,,,
,1185,1122,1,,,,,,,,,,
,1186,955,1,,,,,,,,,,
,1187,-51,1,,,,,,,,,,
,1188,1194,1,,,,,,,,,,
,1189,1128,0.95902,1182,0.0041,-45,0.03689,,,,,,
,1190,1159,1,,,,,,,,,,
,1191,1211,1,,,,,,,,,,
,1192,1146,1,,,,,,,,,,
,1193,1186,1,,,,,,,,,,
,1194,1154,1,,,,,,,,,,
,1195,1189,0.16923,1182,0.79615,-45,0.03462,,,,,,
,1196,1189,1,,,,,,,,,,
,1197,1109,1,,,,,,,,,,
,1198,1042,0.97887,-48,0.02113,,,,,,,,
,1199,1168,0.63462,1123,0.36538,,,,,,,,
,1200,955,1,,,,,,,,,,
,1201,1152,1,,,,,,,,,,
,1202,1211,1,,,,,,,,,,
,1203,1199,0.26389,1216,0.73611,,,,,,,,
,1204,1107,1,,,,,,,,,,
,1205,1234,1,,,,,,,,,,
,1206,-51,1,,,,,,,,,,
,1207,1218,1,,,,,,,,,,
,1208,1130,1,,,,,,,,,,
,1209,-62,0.00248,-52,0.99752,,,,,,,,
,1210,1177,1,,,,,,,,,,
,1211,1180,1,,,,,,,,,,
,1212,-62,0.01923,-50,0.98077,,,,,,,,
,1213,1247,1,,,,,,,,,,
,1214,1257,1,,,,,,,,,,
,1215,1214,1,,,,,,,,,,
,1216,1168,1,,,,,,,,,,
,1217,1182,0.98039,-45,0.01961,,,,,,,,
,1218,1219,1,,,,,,,,,,
,1219,1169,0.06481,1256,0.93519,,,,,,,,
,1220,1039,1,,,,,,,,,,
,1221,1232,1,,,,,,,,,,
,1222,1166,1,,,,,,,,,,
,1223,1243,0.17308,1242,0.82692,,,,,,,,
,1224,1200,1,,,,,,,,,,
,1225,1042,1,,,,,,,,,,
,1226,1168,1,,,,,,,,,,
,1227,1444,0.28917,-65,0.00019,-56,0.71065,,,,,,
,1228,1235,1,,,,,,,,,,
,1229,1200,1,,,,,,,,,,
,1230,1200,1,,,,,,,,,,
,1231,1130,1,,,,,,,,,,
,1232,-62,1,,,,,,,,,,
,1233,1257,1,,,,,,,,,,
,1234,1117,1,,,,,,,,,,
,1235,1224,1,,,,,,,,,,
,1236,1246,1,,,,,,,,,,
,1237,1249,1,,,,,,,,,,
,1238,1241,0.12227,1272,0.62445,1308,0.22271,1332,0.02183,-62,0.00873,,
,1239,1182,0.86667,1195,0.12778,-45,0.00556,,,,,,
,1240,1252,1,,,,,,,,,,
,1241,1274,1,,,,,,,,,,
,1242,1250,1,,,,,,,,,,
,1243,1260,1,,,,,,,,,,
,1244,1152,1,,,,,,,,,,
,1245,1161,1,,,,,,,,,,
,1246,1265,1,,,,,,,,,,
,1247,1274,0.40764,1221,0.59236,,,,,,,,
,1248,1297,1,,,,,,,,,,
,1249,1269,1,,,,,,,,,,
,1250,1260,1,,,,,,,,,,
,1251,1261,1,,,,,,,,,,
,1252,1276,0.91633,1191,0.08367,,,,,,,,
,1253,1200,1,,,,,,,,,,
,1254,1189,1,,,,,,,,,,
,1255,1300,1,,,,,,,,,,
,1256,1231,1,,,,,,,,,,
,1257,1273,1,,,,,,,,,,
,1258,1277,0.02499,1371,0.1474,-54,0.82719,-45,0.00042,,,,
,1259,1232,0.11365,1332,0.87815,-62,0.0082,,,,,,
,1260,1275,0.99274,1244,0.00726,,,,,,,,
,1261,1201,1,,,,,,,,,,
,1262,-57,0.99964,-60,0.00036,,,,,,,,
,1263,1258,1,,,,,,,,,,
,1264,1224,0.31148,1235,0.68852,,,,,,,,
,1265,1147,1,,,,,,,,,,
,1266,1289,1,,,,,,,,,,
,1267,1255,1,,,,,,,,,,
,1268,1291,1,,,,,,,,,,
,1269,1247,0.125,1241,0.875,,,,,,,,
,1270,1282,0.65217,1266,0.34783,,,,,,,,
,1271,1307,1,,,,,,,,,,
,1272,-62,1,,,,,,,,,,
,1273,1250,1,,,,,,,,,,
,1274,1272,0.50132,1332,0.04222,1232,0.45119,-62,0.00528,,,,
,1275,1283,1,,,,,,,,,,
,1276,1211,1,,,,,,,,,,
,1277,1371,0.00704,-54,0.99296,,,,,,,,
,1278,1277,0.96957,-54,0.03043,,,,,,,,
,1279,1298,1,,,,,,,,,,
,1280,-61,0.00027,-63,0.99973,,,,,,,,
,1281,1306,1,,,,,,,,,,
,1282,1309,1,,,,,,,,,,
,1283,1152,1,,,,,,,,,,
,1284,1292,1,,,,,,,,,,
,1285,1284,1,,,,,,,,,,
,1286,1297,0.90196,1312,0.09804,,,,,,,,
,1287,1294,1,,,,,,,,,,
,1288,1287,1,,,,,,,,,,
,1289,1282,0.96711,1309,0.03289,,,,,,,,
,1290,1301,1,,,,,,,,,,
,1291,1271,1,,,,,,,,,,
,1292,1152,1,,,,,,,,,,
,1293,1312,1,,,,,,,,,,
,1294,1117,1,,,,,,,,,,
,1295,1290,1,,,,,,,,,,
,1296,1180,1,,,,,,,,,,
,1297,1107,1,,,,,,,,,,
,1298,1224,1,,,,,,,,,,
,1299,1330,0.93407,1320,0.06593,,,,,,,,
,1300,1316,1,,,,,,,,,,
,1301,1300,1,,,,,,,,,,
,1302,1259,1,,,,,,,,,,
,1303,1275,1,,,,,,,,,,
,1304,1354,0.37778,1315,0.62222,,,,,,,,
,1305,1224,1,,,,,,,,,,
,1306,1289,1,,,,,,,,,,
,1307,-52,0.00047,-55,0.99953,,,,,,,,
,1308,1332,0.00059,-62,0.99941,,,,,,,,
,1309,1361,1,,,,,,,,,,
,1310,1240,1,,,,,,,,,,
,1311,1211,1,,,,,,,,,,
,1312,1107,1,,,,,,,,,,
,1313,1107,1,,,,,,,,,,
,1314,1302,0.83333,1259,0.16667,,,,,,,,
,1315,1323,1,,,,,,,,,,
,1316,-55,0.00052,-58,0.99948,,,,,,,,
,1317,1370,0.16667,1325,0.83333,,,,,,,,
,1318,1180,1,,,,,,,,,,
,1319,1337,1,,,,,,,,,,
,1320,1329,1,,,,,,,,,,
,1321,1322,0.38095,1331,0.61905,,,,,,,,
,1322,1271,1,,,,,,,,,,
,1323,1292,1,,,,,,,,,,
,1324,1355,0.67164,1346,0.32836,,,,,,,,
,1325,1370,1,,,,,,,,,,
,1326,1460,1,,,,,,,,,,
,1327,1324,1,,,,,,,,,,
,1328,1347,1,,,,,,,,,,
,1329,1351,1,,,,,,,,,,
,1330,1351,1,,,,,,,,,,
,1331,1307,0.9898,-55,0.0102,,,,,,,,
,1332,1272,0.00473,-62,0.99527,,,,,,,,
,1333,1379,1,,,,,,,,,,
,1334,1326,1,,,,,,,,,,
,1335,1262,1,,,,,,,,,,
,1336,1294,1,,,,,,,,,,
,1337,1338,1,,,,,,,,,,
,1338,1147,1,,,,,,,,,,
,1339,1332,1,,,,,,,,,,
,1340,1333,1,,,,,,,,,,
,1341,1335,0.90909,1348,0.09091,,,,,,,,
,1342,1386,1,,,,,,,,,,
,1343,1358,1,,,,,,,,,,
,1344,1375,1,,,,,,,,,,
,1345,1384,1,,,,,,,,,,
,1346,1359,1,,,,,,,,,,
,1347,1360,1,,,,,,,,,,
,1348,1262,0.47619,-57,0.52381,,,,,,,,
,1349,1227,1,,,,,,,,,,
,1350,1351,1,,,,,,,,,,
,1351,1364,1,,,,,,,,,,
,1352,1259,1,,,,,,,,,,
,1353,-47,1,,,,,,,,,,
,1354,1363,0.83333,1323,0.16667,,,,,,,,
,1355,1326,1,,,,,,,,,,
,1356,1278,1,,,,,,,,,,
,1357,1316,0.9825,1300,0.0175,,,,,,,,
,1358,1373,0.40541,1352,0.59459,,,,,,,,
,1359,1405,1,,,,,,,,,,
,1360,1370,1,,,,,,,,,,
,1361,1357,1,,,,,,,,,,
,1362,1352,1,,,,,,,,,,
,1363,1353,0.15845,1369,0.48239,-64,0.00176,-47,0.35739,,,,
,1364,1258,1,,,,,,,,,,
,1365,1362,1,,,,,,,,,,
,1366,1333,1,,,,,,,,,,
,1367,1376,1,,,,,,,,,,
,1368,1309,0.86885,1361,0.13115,,,,,,,,
,1369,1353,0.99687,-47,0.00313,,,,,,,,
,1370,1359,1,,,,,,,,,,
,1371,-54,1,,,,,,,,,,
,1372,1371,0.45455,1277,0.54545,,,,,,,,
,1373,1352,1,,,,,,,,,,
,1374,1387,0.05263,1365,0.55263,1339,0.39474,,,,,,
,1375,1454,0.23529,1308,0.73109,-62,0.03361,,,,,,
,1376,1359,1,,,,,,,,,,
,1377,1316,1,,,,,,,,,,
,1378,1307,1,,,,,,,,,,
,1379,1152,1,,,,,,,,,,
,1380,1326,0.88571,1425,0.11429,,,,,,,,
,1381,1180,1,,,,,,,,,,
,1382,1262,1,,,,,,,,,,
,1383,1316,1,,,,,,,,,,
,1384,1366,1,,,,,,,,,,
,1385,1402,1,,,,,,,,,,
,1386,1352,1,,,,,,,,,,
,1387,1362,0.12739,1412,0.76433,1416,0.10828,,,,,,
,1388,1418,1,,,,,,,,,,
,1389,1368,1,,,,,,,,,,
,1390,1377,1,,,,,,,,,,
,1391,1366,1,,,,,,,,,,
,1392,1379,0.6,1333,0.4,,,,,,,,
,1393,1152,1,,,,,,,,,,
,1394,1326,1,,,,,,,,,,
,1395,1411,0.66667,1352,0.33333,,,,,,,,
,1396,1382,1,,,,,,,,,,
,1397,1496,0.08966,-60,0.91034,,,,,,,,
,1398,1351,1,,,,,,,,,,
,1399,1309,1,,,,,,,,,,
,1400,1427,0.41096,1426,0.58904,,,,,,,,
,1401,1411,1,,,,,,,,,,
,1402,1326,1,,,,,,,,,,
,1403,1472,1,,,,,,,,,,
,1404,1417,0.76,1412,0.24,,,,,,,,
,1405,1527,0.59393,1471,0.40045,-64,0.00562,,,,,,
,1406,1370,0.63636,1359,0.36364,,,,,,,,
,1407,1413,0.42857,1428,0.57143,,,,,,,,
,1408,1454,0.98675,-62,0.01325,,,,,,,,
,1409,1364,1,,,,,,,,,,
,1410,1258,1,,,,,,,,,,
,1411,1352,1,,,,,,,,,,
,1412,1421,1,,,,,,,,,,
,1413,1408,1,,,,,,,,,,
,1414,1449,0.87755,1435,0.12245,,,,,,,,
,1415,-55,0.00039,-61,0.99961,,,,,,,,
,1416,1352,1,,,,,,,,,,
,1417,1308,1,,,,,,,,,,
,1418,1449,1,,,,,,,,,,
,1419,1351,1,,,,,,,,,,
,1420,1411,1,,,,,,,,,,
,1421,1417,1,,,,,,,,,,
,1422,1353,0.61538,1363,0.38462,,,,,,,,
,1423,1516,1,,,,,,,,,,
,1424,1371,1,,,,,,,,,,
,1425,1326,1,,,,,,,,,,
,1426,1427,1,,,,,,,,,,
,1427,1415,1,,,,,,,,,,
,1428,1454,0.3125,1408,0.6875,,,,,,,,
,1429,1507,0.62376,1456,0.37624,,,,,,,,
,1430,1409,1,,,,,,,,,,
,1431,1411,1,,,,,,,,,,
,1432,1416,1,,,,,,,,,,
,1433,1454,0.86914,-62,0.13086,,,,,,,,
,1434,1402,1,,,,,,,,,,
,1435,1359,1,,,,,,,,,,
,1436,1227,1,,,,,,,,,,
,1437,1424,1,,,,,,,,,,
,1438,1280,1,,,,,,,,,,
,1439,1280,1,,,,,,,,,,
,1440,1307,1,,,,,,,,,,
,1441,1352,1,,,,,,,,,,
,1442,1308,0.6087,1454,0.3913,,,,,,,,
,1443,1359,1,,,,,,,,,,
,1444,-56,1,,,,,,,,,,
,1445,1437,1,,,,,,,,,,
,1446,1447,1,,,,,,,,,,
,1447,1415,1,,,,,,,,,,
,1448,1440,1,,,,,,,,,,
,1449,1471,1,,,,,,,,,,
,1450,1464,1,,,,,,,,,,
,1451,1405,1,,,,,,,,,,
,1452,1439,0.47368,1462,0.52632,,,,,,,,
,1453,1532,1,,,,,,,,,,
,1454,1308,0.02879,-64,0.0006,-62,0.97061,,,,,,
,1455,1326,1,,,,,,,,,,
,1456,1507,1,,,,,,,,,,
,1457,1415,1,,,,,,,,,,
,1458,1469,1,,,,,,,,,,
,1459,1308,1,,,,,,,,,,
,1460,1481,1,,,,,,,,,,
,1461,1528,1,,,,,,,,,,
,1462,1468,1,,,,,,,,,,
,1463,1454,0.99668,-62,0.00332,,,,,,,,
,1464,1529,0.34853,1512,0.65147,,,,,,,,
,1465,1499,0.57798,1486,0.42202,,,,,,,,
,1466,1465,1,,,,,,,,,,
,1467,1371,1,,,,,,,,,,
,1468,1505,0.67308,1453,0.32692,,,,,,,,
,1469,1441,1,,,,,,,,,,
,1470,1481,1,,,,,,,,,,
,1471,-64,1,,,,,,,,,,
,1472,1495,1,,,,,,,,,,
,1473,1474,1,,,,,,,,,,
,1474,1419,0.97222,1351,0.02778,,,,,,,,
,1475,1469,1,,,,,,,,,,
,1476,1387,1,,,,,,,,,,
,1477,1421,1,,,,,,,,,,
,1478,1459,1,,,,,,,,,,
,1479,1442,1,,,,,,,,,,
,1480,1454,1,,,,,,,,,,
,1481,1522,1,,,,,,,,,,
,1482,1411,1,,,,,,,,,,
,1483,1491,0.83333,1509,0.16667,,,,,,,,
,1484,1433,1,,,,,,,,,,
,1485,1444,1,,,,,,,,,,
,1486,1485,0.96341,1508,0.03659,,,,,,,,
,1487,1501,1,,,,,,,,,,
,1488,1351,1,,,,,,,,,,
,1489,1540,0.99112,1502,0.00888,,,,,,,,
,1490,1482,1,,,,,,,,,,
,1491,1421,1,,,,,,,,,,
,1492,1478,1,,,,,,,,,,
,1493,1463,1,,,,,,,,,,
,1494,1470,0.09677,1456,0.90323,,,,,,,,
,1495,1464,1,,,,,,,,,,
,1496,-65,0.00585,-60,0.99415,,,,,,,,
,1497,1476,0.68421,1412,0.31579,,,,,,,,
,1498,1504,0.97436,-64,0.02564,,,,,,,,
,1499,1486,1,,,,,,,,,,
,1500,1475,1,,,,,,,,,,
,1501,1465,1,,,,,,,,,,
,1502,1540,1,,,,,,,,,,
,1503,1493,1,,,,,,,,,,
,1504,-64,1,,,,,,,,,,
,1505,1532,1,,,,,,,,,,
,1506,1433,0.9784,1542,0.0216,,,,,,,,
,1507,1405,1,,,,,,,,,,
,1508,1444,1,,,,,,,,,,
,1509,1519,1,,,,,,,,,,
,1510,1514,0.64516,1479,0.35484,,,,,,,,
,1511,1544,0.06647,1504,0.90029,-64,0.03324,,,,,,
,1512,1539,1,,,,,,,,,,
,1513,1568,0.00798,-67,0.99202,,,,,,,,
,1514,1520,1,,,,,,,,,,
,1515,1526,1,,,,,,,,,,
,1516,-68,0.00035,-65,0.99965,,,,,,,,
,1517,1467,1,,,,,,,,,,
,1518,1500,1,,,,,,,,,,
,1519,1491,1,,,,,,,,,,
,1520,1506,1,,,,,,,,,,
,1521,1542,0.03597,1506,0.96403,,,,,,,,
,1522,1527,1,,,,,,,,,,
,1523,1227,1,,,,,,,,,,
,1524,1536,0.90909,1415,0.09091,,,,,,,,
,1525,1534,1,,,,,,,,,,
,1526,1511,1,,,,,,,,,,
,1527,-64,1,,,,,,,,,,
,1528,1471,0.98828,-64,0.01172,,,,,,,,
,1529,1528,1,,,,,,,,,,
,1530,1539,0.2973,1529,0.7027,,,,,,,,
,1531,1543,0.72308,1508,0.27692,,,,,,,,
,1532,1280,0.99615,-63,0.00385,,,,,,,,
,1533,1519,1,,,,,,,,,,
,1534,1477,1,,,,,,,,,,
,1535,1526,1,,,,,,,,,,
,1536,1537,1,,,,,,,,,,
,1537,1415,1,,,,,,,,,,
,1538,1514,1,,,,,,,,,,
,1539,1553,1,,,,,,,,,,
,1540,1546,0.9589,1584,0.0411,,,,,,,,
,1541,1568,0.17262,1579,0.02703,1642,0.00959,1608,0.07062,-67,0.72014,,
,1542,1493,1,,,,,,,,,,
,1543,1523,1,,,,,,,,,,
,1544,-64,1,,,,,,,,,,
,1545,1423,1,,,,,,,,,,
,1546,1280,1,,,,,,,,,,
,1547,1521,0.61828,1542,0.38172,,,,,,,,
,1548,-64,1,,,,,,,,,,
,1549,1535,1,,,,,,,,,,
,1550,1544,1,,,,,,,,,,
,1551,1567,1,,,,,,,,,,
,1552,1564,0.88571,1556,0.11429,,,,,,,,
,1553,1471,1,,,,,,,,,,
,1554,1611,1,,,,,,,,,,
,1555,1526,1,,,,,,,,,,
,1556,1564,0.85484,1542,0.14516,,,,,,,,
,1557,1555,1,,,,,,,,,,
,1558,1559,1,,,,,,,,,,
,1559,1548,1,,,,,,,,,,
,1560,1471,1,,,,,,,,,,
,1561,1511,1,,,,,,,,,,
,1562,1550,1,,,,,,,,,,
,1563,1541,1,,,,,,,,,,
,1564,1547,1,,,,,,,,,,
,1565,1560,1,,,,,,,,,,
,1566,1227,1,,,,,,,,,,
,1567,1541,1,,,,,,,,,,
,1568,-67,1,,,,,,,,,,
,1569,1555,1,,,,,,,,,,
,1570,1562,1,,,,,,,,,,
,1571,1280,1,,,,,,,,,,
,1572,1511,1,,,,,,,,,,
,1573,1570,0.25714,1561,0.74286,,,,,,,,
,1574,1656,0.00208,-70,0.99792,,,,,,,,
,1575,1565,1,,,,,,,,,,
,1576,-68,0.9969,-69,0.0031,,,,,,,,
,1577,1227,1,,,,,,,,,,
,1578,1566,1,,,,,,,,,,
,1579,1643,1,,,,,,,,,,
,1580,1579,1,,,,,,,,,,
,1581,1572,1,,,,,,,,,,
,1582,1562,1,,,,,,,,,,
,1583,1471,0.45763,1614,0.00424,1630,0.17373,-64,0.36441,,,,
,1584,1280,0.05172,1571,0.94828,,,,,,,,
,1585,1513,1,,,,,,,,,,
,1586,1593,1,,,,,,,,,,
,1587,1580,1,,,,,,,,,,
,1588,1516,1,,,,,,,,,,
,1589,1537,1,,,,,,,,,,
,1590,1582,1,,,,,,,,,,
,1591,1541,1,,,,,,,,,,
,1592,1605,1,,,,,,,,,,
,1593,1594,1,,,,,,,,,,
,1594,1541,0.9441,1595,0.04969,1618,0.00621,,,,,,
,1595,1580,1,,,,,,,,,,
,1596,1582,1,,,,,,,,,,
,1597,1559,1,,,,,,,,,,
,1598,1560,1,,,,,,,,,,
,1599,1603,1,,,,,,,,,,
,1600,1610,1,,,,,,,,,,
,1601,1513,1,,,,,,,,,,
,1602,1591,1,,,,,,,,,,
,1603,1610,1,,,,,,,,,,
,1604,1602,0.00973,1513,0.98844,1541,0.00182,,,,,,
,1605,1622,1,,,,,,,,,,
,1606,1632,1,,,,,,,,,,
,1607,1623,1,,,,,,,,,,
,1608,-67,1,,,,,,,,,,
,1609,1559,0.75,1598,0.25,,,,,,,,
,1610,1627,1,,,,,,,,,,
,1611,1600,1,,,,,,,,,,
,1612,1639,1,,,,,,,,,,
,1613,1639,1,,,,,,,,,,
,1614,1471,0.72826,1630,0.27174,,,,,,,,
,1615,1513,1,,,,,,,,,,
,1616,1612,0.41379,1585,0.58621,,,,,,,,
,1617,1541,1,,,,,,,,,,
,1618,1541,1,,,,,,,,,,
,1619,1623,1,,,,,,,,,,
,1620,1513,1,,,,,,,,,,
,1621,1620,1,,,,,,,,,,
,1622,1626,1,,,,,,,,,,
,1623,1635,1,,,,,,,,,,
,1624,1585,0.03619,1629,0.05333,1601,0.91048,,,,,,
,1625,1639,1,,,,,,,,,,
,1626,1647,1,,,,,,,,,,
,1627,1631,1,,,,,,,,,,
,1628,1624,1,,,,,,,,,,
,1629,1639,1,,,,,,,,,,
,1630,-69,0.00481,-64,0.99519,,,,,,,,
,1631,1641,1,,,,,,,,,,
,1632,1648,1,,,,,,,,,,
,1633,1650,1,,,,,,,,,,
,1634,-66,1,,,,,,,,,,
,1635,1632,1,,,,,,,,,,
,1636,1662,1,,,,,,,,,,
,1637,1642,0.11111,1646,0.16667,1579,0.72222,,,,,,
,1638,1649,1,,,,,,,,,,
,1639,1617,0.00498,1604,0.99502,,,,,,,,
,1640,1642,0.83871,-67,0.16129,,,,,,,,
,1641,1634,0.89849,-66,0.10112,-61,0.00039,,,,,,
,1642,1646,0.00272,1672,0.52589,-67,0.47139,,,,,,
,1643,-67,1,,,,,,,,,,
,1644,1668,1,,,,,,,,,,
,1645,1670,1,,,,,,,,,,
,1646,1643,1,,,,,,,,,,
,1647,1668,1,,,,,,,,,,
,1648,1644,1,,,,,,,,,,
,1649,1643,1,,,,,,,,,,
,1650,1654,1,,,,,,,,,,
,1651,-72,0.00101,-69,0.99899,,,,,,,,
,1652,1653,0.68182,1541,0.18182,1657,0.13636,,,,,,
,1653,1541,1,,,,,,,,,,
,1654,1651,0.93779,-69,0.06221,,,,,,,,
,1655,1648,1,,,,,,,,,,
,1656,-68,0.00552,-70,0.99448,,,,,,,,
,1657,1642,1,,,,,,,,,,
,1658,1667,0.96552,1638,0.03448,,,,,,,,
,1659,1642,1,,,,,,,,,,
,1660,1654,1,,,,,,,,,,
,1661,1665,0.15789,1646,0.84211,,,,,,,,
,1662,1669,1,,,,,,,,,,
,1663,1694,0.18839,-71,0.81161,,,,,,,,
,1664,1685,1,,,,,,,,,,
,1665,1672,0.45455,1643,0.54545,,,,,,,,
,1666,1675,1,,,,,,,,,,
,1667,1643,0.06692,-67,0.93214,-71,0.00094,,,,,,
,1668,1682,1,,,,,,,,,,
,1669,1673,1,,,,,,,,,,
,1670,1693,0.64531,1663,0.35469,,,,,,,,
,1671,1693,0.86047,1679,0.13953,,,,,,,,
,1672,-67,1,,,,,,,,,,
,1673,1666,1,,,,,,,,,,
,1674,1642,1,,,,,,,,,,
,1675,1678,1,,,,,,,,,,
,1676,1674,1,,,,,,,,,,
,1677,1643,1,,,,,,,,,,
,1678,1679,1,,,,,,,,,,
,1679,1670,1,,,,,,,,,,
,1680,1643,0.47273,1672,0.52727,,,,,,,,
,1681,1677,1,,,,,,,,,,
,1682,-73,0.9994,-71,0.0006,,,,,,,,
,1683,1686,1,,,,,,,,,,
,1684,1706,0.29364,-72,0.70636,,,,,,,,
,1685,1684,1,,,,,,,,,,
,1686,1639,1,,,,,,,,,,
,1687,1691,1,,,,,,,,,,
,1688,1685,1,,,,,,,,,,
,1689,1643,1,,,,,,,,,,
,1690,-71,1,,,,,,,,,,
,1691,1689,1,,,,,,,,,,
,1692,1667,1,,,,,,,,,,
,1693,1690,0.01944,1663,0.70842,-71,0.27214,,,,,,
,1694,-71,0.99817,-72,0.00183,,,,,,,,
,1695,1670,1,,,,,,,,,,
,1696,1643,1,,,,,,,,,,
,1697,1701,1,,,,,,,,,,
,1698,1700,1,,,,,,,,,,
,1699,1702,1,,,,,,,,,,
,1700,1684,1,,,,,,,,,,
,1701,1663,1,,,,,,,,,,
,1702,1693,1,,,,,,,,,,
,1703,1701,1,,,,,,,,,,
,1704,1707,1,,,,,,,,,,
,1705,1704,1,,,,,,,,,,
,1706,-72,1,,,,,,,,,,
,1707,1684,0.00753,1706,0.00431,1709,0.98816,,,,,,
,1708,1700,1,,,,,,,,,,
,1709,1684,1,,,,,,,,,,
,1710,1684,1,,,,,,,,,,
,1711,1710,1,,,,,,,,,,
,-73,-71,1,,,,,,,,,,
,-72,0,1,,,,,,,,,,
,-71,-72,1,,,,,,,,,,
,-70,-68,1,,,,,,,,,,
,-69,-72,1,,,,,,,,,,
,-68,-69,1,,,,,,,,,,
,-67,-71,1,,,,,,,,,,
,-66,-61,1,,,,,,,,,,
,-65,-68,1,,,,,,,,,,
,-64,-69,1,,,,,,,,,,
,-63,-61,1,,,,,,,,,,
,-62,-64,1,,,,,,,,,,
,-61,-55,1,,,,,,,,,,
,-60,-65,1,,,,,,,,,,
,-59,-60,1,,,,,,,,,,
,-58,-55,1,,,,,,,,,,
,-57,-60,1,,,,,,,,,,
,-56,-65,1,,,,,,,,,,
,-55,-52,1,,,,,,,,,,
,-54,-45,1,,,,,,,,,,
,-53,-52,1,,,,,,,,,,
,-52,-62,1,,,,,,,,,,
,-51,-45,1,,,,,,,,,,
,-50,-62,1,,,,,,,,,,
,-49,-56,1,,,,,,,,,,
,-48,-47,1,,,,,,,,,,
,-47,-64,1,,,,,,,,,,
,-46,-56,1,,,,,,,,,,
,-45,-35,1,,,,,,,,,,
,-44,-49,1,,,,,,,,,,
,-43,-49,1,,,,,,,,,,
,-42,-35,1,,,,,,,,,,
,-41,-47,1,,,,,,,,,,
,-40,-50,1,,,,,,,,,,
,-39,-41,1,,,,,,,,,,
,-38,-41,1,,,,,,,,,,
,-37,-42,1,,,,,,,,,,
,-36,-50,1,,,,,,,,,,
,-35,-40,1,,,,,,,,,,
,-34,-28,1,,,,,,,,,,
,-33,-39,1,,,,,,,,,,
,-32,-42,1,,,,,,,,,,
,-31,-44,1,,,,,,,,,,
,-30,-44,1,,,,,,,,,,
,-29,-40,1,,,,,,,,,,
,-28,-24,1,,,,,,,,,,
,-27,-24,1,,,,,,,,,,
,-26,-39,1,,,,,,,,,,
,-25,-29,1,,,,,,,,,,
,-24,-25,1,,,,,,,,,,
,-23,-30,1,,,,,,,,,,
,-22,-29,1,,,,,,,,,,
,-21,-25,1,,,,,,,,,,
,-20,-26,1,,,,,,,,,,
,-19,-22,1,,,,,,,,,,
,-18,-17,1,,,,,,,,,,
,-17,-30,1,,,,,,,,,,
,-16,-13,1,,,,,,,,,,
,-15,-14,1,,,,,,,,,,
,-14,-20,1,,,,,,,,,,
,-13,-28,1,,,,,,,,,,
,-12,-13,1,,,,,,,,,,
,-11,-17,1,,,,,,,,,,
,-10,-22,1,,,,,,,,,,
,-9,-7,1,,,,,,,,,,
,-8,-20,1,,,,,,,,,,
,-7,-8,1,,,,,,,,,,
,-6,-26,1,,,,,,,,,,
,-5,-6,1,,,,,,,,,,
,-4,-14,1,,,,,,,,,,
,-3,-6,1,,,,,,,,,,
,-2,-7,1,,,,,,,,,,
,-1,-8,1,,,,,,,,,,
